Grapheme	IPA	Examples	Languages	Frequence	Codepoints
^	NULL				
$	NULL				
-	+	bó'a-ria-, puri-	En, Va, Y, TA, MA, TR, Proto, O, TEP, Vb, Es, PI, P, V	100	U+002d
-$	NULL	bó'a-ria-, puri-	En, Va, Y, TA, MA, TR, Proto, O, TEP, Vb, Es, PI, P, V	100	U+002d
^-	NULL	bó'a-ria-, puri-	En, Va, Y, TA, MA, TR, Proto, O, TEP, Vb, Es, PI, P, V	100	U+002d
a$	a	*tosa, seéka	Proto, MA, Y, En, O, Va, TEP, Es, TR, PI, TA, Vb, Ma, Tn, V	100	U+0061 U+0024
a	a	sawa-róame, karí	Proto, TA, TR, O, Va, Vb, P, MA, Y, PI, En, Es	100	U+0061
i$	i	saámi, yawi-	Proto, O, Y, MA, Va, Vb, TA, En, TEP, PI, Ma, On, P, Es, TR	100	U+0069 U+0024
k	k	kókori, seéka	Proto, TR, TA, MA, En, Y, Va, Vb, PI, Es, O, TEP, Tn, Ts, P	100	U+006b
o	o	momohá, toko-hopi	Proto, TA, Va, O, Vb, PI, Y, TR, MA, Es, En, P, TEP	100	U+006f
i	i	yóri-homá, giku'u-in	TA, Proto, O, TR, Va, En, Vb, P, MA, Ts, TEP, PI, Tn, Es	100	U+0069
u	u	mumukut, kusá	Proto, TA, O, Va, TR, Es, En, PI, Vb, P, Y, V, Ts, TEP, MA	100	U+0075
r	r	karí, yóri-homá	Proto, TA, Vb, MA, En, Va, O, TR, Y, TEP, Es	100	U+0072
.	NULL	taká., má.	TA, TR, Y, Va, MA, T	100	U+002e
^t	t	taká., táka-	Va, MA, TR, O, En, Y, Vb, TEP, PI, P, Proto, Tn, Ts, TA	100	U+005e U+0074
^k	k	karí, kawi	TA, Va, Y, O, Vb, TR, MA, En, TEP, Proto, T, Es, P, PI	100	U+005e U+006b
^*	NULL	*tosa, *'awa	Proto	100	U+005e U+002a
á$	á/a	seká, kusá	TA, Va, Vb, TR, En, E, Y, Ts, T, TEP, MA	100	U+00e1 U+0024
^s	s	seká, saámi	TA, Va, MA, En, Y, TR, Vb, O, Proto, PI, Es, TEP, Tn, T, P	100	U+005e U+0073
n	n	maní., caní	Proto, En, Vb, Y, Va, O, TA, MA, TEP, TR, PI, P, Tn, T, Es	100	U+006e
h	h	yóri-homá, tohá	Va, Vb, P, Proto, TR, PI, TA, Y, En, TEP, O, VA, MA	100	U+0068
c	ts	kará-ci, biíca	Proto, TA, Va, O, En, Y, MA, Vb, TR, Es	100	U+0063
s	s	kusá, posa-	Proto, TA, TR, Va, Vb, En, Y, O, TEP, MA, V, Tn, On, PI	100	U+0073
e	e	seká, wepa-Va_wehpa-	Va, O, TA, MA, TR, Y, Vb, En, Es, T	100	U+0065
á	á/a	kará-ci, bwásia	En, TR, Y, MA, Vb, TA, TEP, Va, Ts	100	U+00e1
^m	m	mo'ó, má.	O, TA, En, MA, Y, Va, P, TR, Proto, Vb, PI, TEP, VA, Ma, Tn, On, Ts, Es	100	U+005e U+006d
p	p	wepa-Va_wehpa-, kúpe	Proto, TA, Vb, Va, O, En, Y, MA, TEP, TR, PI, Es, P	100	U+0070
w	w	kawi, ciwí	Proto, TA, TR, Vb, En, Y, Va, O, MA, Ts, Es	100	U+0077
t	t	*tosa, atá	Proto, MA, TA, Va, Y, TR, Vb, O, En, TEP, Es	100	U+0074
m	m	yóri-homá, saámi	Proto, O, En, MA, Vb, TR, Va, TA, Y, Es, PI, Tn, Ts, T, TEP, P	100	U+006d
í$	í/i	karí, wasí	TA, Va, Vb, En, TEP, TR, MA	100	U+00ed U+0024
ó	ó/o	yóri-homá, kókori	MA, Y, En, Vb, TEP, TR, Va, TA, YMA	100	U+00f3
^h	h	hia, hoó'o	En, Vb, O, Y, TEP, MA, TR, PI, P, Es, Proto, Va, Ma, TA	100	U+005e U+0068
^w	w	wasí, wikósa	TA, Va, TR, Vb, Y, P, MA, En, Proto, O, PI	100	U+005e U+0077
^c	ts	ciíbu, ciwí	TA, En, Va, O, Y, MA, Vb, Proto, P, TR, T, Es	100	U+005e U+0063
e$	e	kuúme, há'abwe-	MA, Y, En, O, TA, TR, Es, YMA, Ma, Va, Vb	100	U+0065 U+0024
í	í/i	hípeta-m, wíka-	TR, En, TEP, MA, Y, Vb, TA, Tn, Va	100	U+00ed
é	é/e	seé'e, seégwa	Y, MA, En, Vb, Va, TR, TA	100	U+00e9
u$	u	ciíbu, su	Proto, O, En, MA, Y, Va, PI, TR, Vb, Es, TA, P	100	U+0075 U+0024
^n	n	naó, nahká	TR, MA, Y, Va, O, TA, En, Proto, TEP, Vb, Es, On, P, VB, PI	100	U+005e U+006e
^b	b	bemé-la, bó'a-ria-	TA, MA, Y, En, O, TEP, PI, TR, Tn, Es, P	100	U+005e U+0062
o$	o	kóko, tóno-	Proto, O, En, MA, Y, PI, Va, TEP, Vb, Es, P, TR, TA	100	U+006f U+0024
ú	ú/u	kúpe, múmu-	En, Y, MA, TEP, Vb, TR, TA, Va, Tn, On	100	U+00fa
t$	t	wiíkit., kuht	TR, En, O, Es, Y, MA, TA	100	U+0074 U+0024
^p	p	posa-, puri-	Va, Vb, O, MA, Proto, Y, En, TA, E, V, P	95	U+005e U+0070
b	b	ciíbu, biíba-	Y, MA, En, TA, PI, Va, Tn, TEP, P, TR, Vb, Es, O	89	U+0062
ó$	ó/o	sonó, wahó.	TA, Va, En, Vb, TR, TEP, VB, MA	84	U+00f3 U+0024
é$	é/e	ye-yé, mo'né.	TA, Va, Vb, TR, En, MA, Y	72	U+00e9 U+0024
^v	v	via, véwa-	En, O, TEP, PI, TR, Es	71	U+005e U+0076
ɨ	ɨ	*tɨwa, *tɨpu	Proto, TEP, P, Tn, Ts, En	67	U+0268
gw	gʷ	seégwa, vícgwa	O, En, MA, Y	57	U+0067 U+0077
^r	r	rewá, ronó	TA, Proto, Va, TR	56	U+005e U+0072
ú$	ú/u	suhtú, cihpú-	TA, Va, Vb, En, TR, VA	53	U+00fa U+0024
^o	o	omá, oóna	TA, Va, O, P, TR, MA, En, Vb, Tn, Es, PI	53	U+005e U+006f
l	l	walá, suúla	TR, Va, MA, Proto, Y, P, Vb, Tn, TA	52	U+006c
g	g	gu-guba, mugu-	TEP, Va, TA, PI, O, P, Vb, Tn, VB, En	49	U+0067
^a	a	awá, asé'e-bwa.	TA, TR, O, Va, Vb, Y, Tn, Es, P, PI, VA, MA	44	U+005e U+0061
ɨ$	ɨ	*wɨ, *simɨ	Proto, TEP, Tn, TA	44	U+0268 U+0024
^*s	s	*siku, *sawa	Proto	43	U+005e U+002a U+0073
r$	r	vir-, nyoa-kár.	TR, O, En	43	U+0072 U+0024
d	d	doadida, masádai	TEP, En, O, Tn, PI, PM, Es, Vb	43	U+0064
'o	ʔ o	*'opa, mó'one	Vb, Proto, MA, Y, TEP, P, TA	42	U+0027 U+006f
^d	d	deh, docí	O, En, TEP, PM, Tn, P, Es	39	U+005e U+0064
aá	a á/a	maáci, saámi	MA, Y, En, Ma	39	U+0061 U+00e1
kk	kk/kː	hékka, mékka	MA, O, Y, PI, Ma	37	U+006b U+006b
uú	u ú/u	muúke_muúku-, kuúme	MA, Y, En, Ma	36	U+0075 U+00fa
m$	m	tépu-am, hípeta-m	MA, Y, TR, En, O, P	33	U+006d U+0024
'a	ʔ a	há'abwe-, há'amu	Vb, Proto, TEP, MA, Y, P, VB	32	U+0027 U+0061
^u	u	uhá, upe-	TA, Va, O, TR, PI, En	31	U+005e U+0075
^g	g	gu-guba, góokui-i	TEP, O, En, Vb, Tn, Ts, P, PI, TR, TA	29	U+005e U+0067
^*w	w	*wo, *wika	Proto	27	U+005e U+002a U+0077
v	v	tɨví-, tevé-i	TEP, En, O, Es, Tn, P, TR	26	U+0076
kw	kʷ	*kwici, *kwa	Proto, TR, Vb, Y, TA	26	U+006b U+0077
k$	k	cuk, *yɨk	O, P, TR, En, Y, Proto, TA, MA	26	U+006b U+0024
^gw	gʷ	gwó-oci, gwari-t	MA, O, En	26	U+005e U+0067 U+0077
ia$	i/j a	via, kia	MA, Y, O, PI, TR, Proto, TEP, P	26	U+0069 U+0061 U+0024
ií	i í/i	biíba-, tiíwe	MA, Y, TR, Ma	26	U+0069 U+00ed
^e	e	erá, eci-	Va, TA, O, MA, Es, TR	23	U+005e U+0065
^i	i	ihí-, i'-ní.	TA, Va, O, TR, PI	23	U+005e U+0069
^bw	bʷ	bwita, bwiíka	MA, Y, Es, PI	23	U+005e U+0062 U+0077
ai$	ai	'ɨ'írai, vívai	TEP, Tn, O, P, TR, En	22	U+0061 U+0069 U+0024
'i$	ʔ i	ki'i-, kóko'i	Proto, Y, TEP, Va, MA, Vb, TA, P, VA	22	U+0027 U+0069 U+0024
'í$	ʔ í/i	wi'í., si'í	Va, TA, Vb	21	U+0027 U+00ed U+0024
^*h	h	*hupa, *ho	Proto	20	U+005e U+002a U+0068
_	+	muúke_muúku-, wáke_Y_waáke	MA, Vb, Y, En, TA, TR, Va, VA	20	U+005f
'a$	ʔ a	mé'a, baá'a-	Y, Proto, MA, Va, P, Ma, TA	19	U+0027 U+0061 U+0024
tt	tt/tː	hítt-o, tá-tte	MA, O, YMA, Y	18	U+0074 U+0074
uu	u u/u	kuu'usá, suunú.	TEP, Vb, TA	18	U+0075 U+0075
n$	n	lo-kán, kwici-rán.	O, TR, En, Ts, P, TA	16	U+006e U+0024
áa	á/a a	náaka, náapisó	TEP, MA, Vb	16	U+00e1 U+0061
'e	e	yé'eci, asé'e-bwa.	MA, Vb, Y, Va	16	U+0027 U+0065
'p	p	sa'pá, so'porí	TA, Va	15	U+0027 U+0070
'o$	o	hoó'o, boó'o	Y, MA, Proto, P, TEP	14	U+0027 U+006f U+0024
^y	y/j	yóri-homá, yé'eci	Y, Vb, MA, TA	14	U+005e U+0079
ós	ó/o s	wikósa, toósa	En, Y, MA, Va, TA	14	U+00f3 U+0073
oi$	oi	hoi-, cólloi	O, Y, TR, MA, En, Proto, Vb, TEP	14	U+006f U+0069 U+0024
'n	ʔ n	mo'né., ye'ni-.	Va, TA	13	U+0027 U+006e
'r	ʔ r	ce'ri-, pi'rí-	TA, Va	13	U+0027 U+0072
pp	pp/pː	teppu, tóppol	MA, O, Ma	12	U+0070 U+0070
aa	a a	naa-mukúra, naadá	Vb, TEP, TA, MA, En	12	U+0061 U+0061
'c	ʔ ts	ko'cí, wi'cí	TA, Va, Vb	12	U+0027 U+0063
^ye	y/j e	ye-yé, yeésa	Va, Vb, TA, MA, Y	12	U+005e U+0079 U+0065
ss	ss/sː	tásse, bwásse	O, MA	11	U+0073 U+0073
'w	ʔ w	ka'wá, wa'wé	TA, Va	11	U+0027 U+0077
'u	ʔ u	kuu'usá, bwé'uru	Vb, Proto, MA, Ts, Va	11	U+0027 U+0075
'u$	ʔ u	cuú'u, kuú'u	Y, MA, P, TEP	11	U+0027 U+0075 U+0024
ía$	í/i a	cía, hakía	Y, P, MA, En, TA	11	U+00ed U+0061 U+0024
'i	ʔ i	bí'i-tia, wi'icí	Vb, Y, Ts, P, MA	11	U+0027 U+0069
ai	ai	pai-ká, saiwori	O, TEP, PI, Proto, Vb, P, Va, TA	11	U+0061 U+0069
'k	ʔ k	ko'kó-, wa'ká-	Va, TA	10	U+0027 U+006b
^kw	kʷ	kwasi-te., kwici-rán.	TR, Proto, Vb	10	U+005e U+006b U+0077
^ya	y/j a	yawi-, yahká	Vb, Va, Proto, TR, TA	10	U+005e U+0079 U+0061
^é	é/e	éra-, éca-	En, MA, Ma, Y	10	U+005e U+00e9
nn	nn/nː	tónno-m, sánna	MA, PI	9	U+006e U+006e
'	ʔ	u'-sú, i'-kí	Va, TA	9	U+0027
'e$	ʔ e	seé'e, cé'e	Y, MA	9	U+0027 U+0065 U+0024
h$	h	deh, dah	O, P	9	U+0068 U+0024
ee	ee/eː	keemá, seewa-	Vb, TA	9	U+0065 U+0065
l$	l	tóppol, kokól.	TR, MA, Y, TEP, TA	9	U+006c U+0024
s$	s	paáros, kes-	O, Y, MA	9	U+0073 U+0024
^á	á/a	á-su, ámu-	En, Y, Ma, MA	8	U+005e U+00e1
hs	h s	puhsáni, yahsé-Va_asi-	Vb, Va	8	U+0068 U+0073
oo	oː	sooró, toobi	Vb, TA, TEP, P	8	U+006f U+006f
^'á	ʔ á/a	'áce, 'á'ana	TEP, Y, P	7	U+005e U+0027 U+00e1
yo	y/j o	*yori, hí'i-yowa	Proto, TR, Vb	7	U+0079 U+006f
íɨ	íɨ/iɨ	níɨni, kíɨga	TEP	7	U+00ed U+0268
c$	ts	goc, gwec-	Proto, En, O, P	7	U+0063 U+0024
p$	p	*cop, sep-	O, Proto	7	U+0070 U+0024
^yu	y/j u	yuki-, yumé-ba-	Va, Proto, TA	7	U+005e U+0079 U+0075
y	y/j	ye-yé, ye'e-yé	TA, TR, Vb, Va	7	U+0079
ua	u/w a	ho'océ-duame, yéni_himuarí	TR, Vb, P	6	U+0075 U+0061
íi	í/i i	cíini-, gíi-gi	TEP, Vb, MA, Y	6	U+00ed U+0069
'eye$	ʔ e y/j e	né'eye, bé'eye	MA	6	U+0027 U+0065 U+0079 U+0065 U+0024
bb	bb/bː	kóbba, úbba	MA	6	U+0062 U+0062
^yo	y/j o	yoóri, yosa-.	Va, TR, MA	6	U+005e U+0079 U+006f
^ó	ó/o	óa, óna-	En, MA, Y, TA	6	U+005e U+00f3
mw	mw/mʷ	tamwaka-lít., samwá-t.	TR	6	U+006d U+0077
't	ʔ t	bo'tá., ta'téi	Va, TA	6	U+0027 U+0074
oa$	o a	hi-koa, do-doa	O, PI, TR	6	U+006f U+0061 U+0024
és	é/e s	yeésa, teéso	MA, Y, En	6	U+00e9 U+0073
^'o	 o	'oóbe, 'oóna	Y, Proto	6	U+005e U+0027 U+006f
bw	bw/bʷ	há'abwe-, asé'e-bwa.	Y, MA, Ma	6	U+0062 U+0077
's	s	ma'sá, ta'só	Va, TA	5	U+0027 U+0073
'á	á/a	po'á-cula, 'a'átɨi	TEP, MA, Y, Va	5	U+0027 U+00e1
ów	ó/o w	koówi, pówa	MA, Y, T, TA	5	U+00f3 U+0077
ya	y/j a	*yasa, *yaka	Proto, TR	5	U+0079 U+0061
'ó$	ó/o	mo'ó, ne'ó	TA, Vb, Va	5	U+0027 U+00f3 U+0024
_$	NULL	kahká_-, kaka-yít_.	TR, Va, TA	5	U+005f U+0024
'á$	á/a	me'á, ko'á	TA, Va	5	U+0027 U+00e1 U+0024
'ó	ó/o	'oo'ói-o, se'óri	TEP, Va, Vb, Y	5	U+0027 U+00f3
'ɨ	ɨ	*'ɨra, *'ɨca	Proto	5	U+0027 U+0268
mm	mm/mː	múmmu-, témmu	MA	4	U+006d U+006d
ua$	u/w a	hua, sua	PI, En, O	4	U+0075 U+0061 U+0024
'l	l	*na'li, u'lá	Va, Proto	4	U+0027 U+006c
ái$	á/a i	anái, tá'a-tái	Tn, Vb, TEP	4	U+00e1 U+0069 U+0024
hh	hh/hː	húhha, máhhae	MA, Y	4	U+0068 U+0068
rh	r h	kaborhika, arho	PI	4	U+0072 U+0068
ui$	ui	kui, mui	O, Proto	4	U+0075 U+0069 U+0024
ms	m s	kúmsa-m, kúmsa-kam	Y, Ma, MA	4	U+006d U+0073
^oo	o o	oomá, oorí	TA	4	U+005e U+006f U+006f
d$	d	nud-, doajid	P, O	4	U+0064 U+0024
oí$	o í/i	koí, he'-loí	Va, Vb	4	U+006f U+00ed U+0024
áu	áu/au	káuwi, sáugwa	MA, Y	4	U+00e1 U+0075
g$	g	cɨhgi-g, 'á'ag-	P	4	U+0067 U+0024
yu	y/j u	*yuri, *yumɨ	Proto	4	U+0079 U+0075
ɨɨ	ɨ ɨ	hɨɨpída-i, tɨɨkúri	TEP	4	U+0268 U+0268
ii	i i	hiiná-, piisá	Vb, TEP	4	U+0069 U+0069
úu	ú/u u	húutu, púusi	TEP, Vb	4	U+00fa U+0075
uú$	u u	kuú, suú	Vb, TR, Va	3	U+0075 U+00fa U+0024
gw$	gʷ	pigw-, begw-	O	3	U+0067 U+0077 U+0024
^ú	ú/u	úba., úbba	MA, En, TA	3	U+005e U+00fa
^aá	a á/a	aámu, aágwa-	MA	3	U+005e U+0061 U+00e1
yɨ$	y/j ɨ	*yɨ	Proto	3	U+0079 U+0268 U+0024
j	j/dʒ	kohji, doajid	P	3	U+006a
oa	o a	doadida, koa-ri	P, PM, O	3	U+006f U+0061
^'ó	ʔ ó/o	'ónai, 'ó-ta	TEP, Y	3	U+005e U+0027 U+00f3
ay	ay/ai	may-turát, sayból	TR, TA	3	U+0061 U+0079
ɨi	ɨi	díɨnɨi-i, kɨisa	TEP	3	U+0268 U+0069
yí	y/j í/i	kaka-yít_., manyí-t	TR	3	U+0079 U+00ed
iya$	i y/j a	*kwiya, *mawiya	Proto, MA	3	U+0069 U+0079 U+0061 U+0024
^yú	y/j ú/u	yúma, yúkke	Y, MA	3	U+005e U+0079 U+00fa
ía	í/i a	sía-ri, ti-tía-radɨ	MA, Y, Tn	3	U+00ed U+0061
aya$	a y/j a	*saya, *kwaya	Proto	3	U+0061 U+0079 U+0061 U+0024
^sh	sh/ʃ	shosha, shoni-	P	2	U+005e U+0073 U+0068
'ú	ʔ ú/u	hú'ú-ri, 'u'ú-i	TEP	2	U+0027 U+00fa
ao	a o	kaosi, paogwat	O	2	U+0061 U+006f
yɨ	y/j ɨ	*yɨk, *yɨna	Proto	2	U+0079 U+0268
áa$	á/a a	hi-báa-, váa-	En, TEP	2	U+00e1 U+0061 U+0024
^th	tʰ	tha, thu	O	2	U+005e U+0074 U+0068
éw	é/e w	véwa-	En	2	U+00e9 U+0077
^'í	ʔ í/i	'ísa-, 'í'ɨi	TEP	2	U+005e U+0027 U+00ed
óh	ó/o h	wóho, tóha	En, TEP	2	U+00f3 U+0068
^l	l	lo-kán, ló-tte	YMA, TR	2	U+005e U+006c
^'aá	ʔ a á/a	'aámu, 'aáwa-	Y	2	U+005e U+0027 U+0061 U+00e1
aí$	a í/i	maí, haí-.	TR, O	2	U+0061 U+00ed U+0024
ái	á/a i	vái-ka, babáidyi	TEP, Tn	2	U+00e1 U+0069
yi$	y/j i	gwoóyi, babáidyi	MA, Tn	2	U+0079 U+0069 U+0024
yo$	y/j o	koóyo, *yo	Proto, Y	2	U+0079 U+006f U+0024
'í	í/i	'ɨ'írai, do'í-ga	TEP	2	U+0027 U+00ed
aí	a í/i	naíki	MA, Y	2	U+0061 U+00ed
oá	o á/a	hit-oá-t, doá-di	TR, Tn	2	U+006f U+00e1
^yuú	y/j u ú/u	yuúma, yuú-ya	MA	2	U+005e U+0079 U+0075 U+00fa
ya$	y/j a	yuú-ya, 'eéya	MA, Y	2	U+0079 U+0061 U+0024
uá	u/w á/a	samuá-r, tuá-i	TR, Tn	2	U+0075 U+00e1
io	i/j o	hio-síga-i, hiosí	Vb, TEP	2	U+0069 U+006f
^'u	u	'uví, 'u'ú-i	TEP	2	U+005e U+0027 U+0075
eí	e í/j	deíhna-, teí-na	En	2	U+0065 U+00ed
ii$	i i	*si-i, cí'iwii-	Proto, Vb	2	U+0069 U+0069 U+0024
ío	í/j o	tíodi, níoka-	TEP	2	U+00ed U+006f
ei	ei	tei-gwát, vei-dɨm	En	2	U+0065 U+0069
ɨi$	ɨi	hímɨi, 'a'átɨi	TEP	2	U+0268 U+0069 U+0024
^yee	y/j e e	yeení, yeepó	Vb, Va	2	U+005e U+0079 U+0065 U+0065
iyá$	i y/j á/a	mawiyá	TA, Va	2	U+0069 U+0079 U+00e1 U+0024
yá	y/j á/a	koót_hanyá-kam., inyá-r.	TR	2	U+0079 U+00e1
'yá$	y/j á/a	ko'yá, na'yá.	TA	2	U+0027 U+0079 U+00e1 U+0024
'$	ʔ	ki'-, ri'.	TA, Va	2	U+0027 U+0024
aya	a y/j a	hayaból, saya-wé	Vb, TR	2	U+0061 U+0079 U+0061
ui	ui	góokui-i, mui-ár	TR, TEP	2	U+0075 U+0069
^'úu	ʔ úu/uː	'úupa-i, 'úuva-i	TEP	2	U+005e U+0027 U+00fa U+0075
ks	k s	hi-tékso-rat, tékso-	En	2	U+006b U+0073
^'é	ʔ é/e	'étbwa, 'éte-	Y	2	U+005e U+0027 U+00e9
^'ɨɨ	ʔ ɨɨ/ɨː	'ɨɨká-gɨ, 'ɨɨsi-	TEP	2	U+005e U+0027 U+0268 U+0268
uyá$	u y/j á/a	puyá-, buyá.	TA, Va	2	U+0075 U+0079 U+00e1 U+0024
^'e	ʔ e	'eéya, 'eéca	Y	2	U+005e U+0027 U+0065
iy	i y/j	siyó-name, siyóo-nani	Vb, TA	2	U+0069 U+0079
ɨí$	ɨ í/i	mɨmɨí	Ts	1	U+0268 U+00ed U+0024
oo$	oː	boo-	En	1	U+006f U+006f U+0024
ye$	y/j e	bó'o-ye	MA	1	U+0079 U+0065 U+0024
'aya	ʔ a y/j a	gá'aya-'in	Ts	1	U+0027 U+0061 U+0079 U+0061
psh$	p sh/ʃ	wipsh	P	1	U+0070 U+0073 U+0068 U+0024
uí$	u í/i	kuí-	En	1	U+0075 U+00ed U+0024
yaáy$	y/j a áy/ai	nyaáy	TR	1	U+0079 U+0061 U+00e1 U+0079 U+0024
ps	p s	himpsi	Es	1	U+0070 U+0073
^'ú	ʔ ú/u	'úba	Y	1	U+005e U+0027 U+00fa
'ɨi$	ʔ ɨi	'í'ɨi	TEP	1	U+0027 U+0268 U+0069 U+0024
^yoo	y/j o o	yoorí	TA	1	U+005e U+0079 U+006f U+006f
^í	í/i	íka	Tn	1	U+005e U+00ed
íu	í/i u	kíugwa	MA	1	U+00ed U+0075
^mw	mʷ	mwecerak	TR	1	U+005e U+006d U+0077
uyu$	u y/j u	*nuyu	Proto	1	U+0075 U+0079 U+0075 U+0024
yay$	y/j ay/ai	nyay-.	TR	1	U+0079 U+0061 U+0079 U+0024
íi$	íi/iː	kíi	TEP	1	U+00ed U+0069 U+0024
^é$	é/e	é.	TA	1	U+005e U+00e9 U+0024
ue$	u/w e	bíkue	Y	1	U+0075 U+0065 U+0024
ayo	a y/j o	mayokka	PI	1	U+0061 U+0079 U+006f
'yá	y/j á/a	ma'yáka	Va	1	U+0027 U+0079 U+00e1
'aye$	ʔ a y/j e	bwá'aye	MA	1	U+0027 U+0061 U+0079 U+0065 U+0024
uá$	u/w á/a	kuá	TR	1	U+0075 U+00e1 U+0024
oyo$	o y/j o	*koyo	Proto	1	U+006f U+0079 U+006f U+0024
'oy	o y/j	ko'oyó	Vb	1	U+0027 U+006f U+0079
ao$	a o	*nao	Proto	1	U+0061 U+006f U+0024
oá$	o á/a	hamoá-.	TR	1	U+006f U+00e1 U+0024
^ów	ó/o w	ówa	TA	1	U+005e U+00f3 U+0077
iá$	i/j á/a	viá-	En	1	U+0069 U+00e1 U+0024
^yui$	y/j ui	yui-	Va	1	U+005e U+0079 U+0075 U+0069 U+0024
au	au	naumk	P	1	U+0061 U+0075
ayo$	a y/j o	*sayo	Proto	1	U+0061 U+0079 U+006f U+0024
ayu$	a y/j u	sayu	Tn	1	U+0061 U+0079 U+0075 U+0024
aayo$	a a y/j o	saayo	MA	1	U+0061 U+0061 U+0079 U+006f U+0024
úu$	úu/uː	múu-	En	1	U+00fa U+0075 U+0024
au$	au	sákkau	Y	1	U+0061 U+0075 U+0024
^sáka'awi-m_(pl.)	s á/a k a ʔ a w i + m	sáka'awi-m_(pl.)	MA	1	U+0073 U+00e1 U+006b U+0061 U+0027 U+0061 U+0077 U+0069 U+002d U+006d U+005f U+0028 U+0070 U+006c U+002e U+0029
^o$	o	o	O	1	U+005e U+006f U+0024
^ós	ó/o s	ósa-	En	1	U+005e U+00f3 U+0073
^*suka/suka-ra	s u k a	*suka/suka-ra	Proto	1	U+002f U+0073
'_	ʔ +	o'_kó	TA	1	U+0027 U+005f
^yɨ	y/j ɨ	yɨn-i	Proto	1	U+005e U+0079 U+0268
éhh	é/e hh/hː	téhha-n_Vb_tehá	MA	1	U+00e9 U+0068 U+0068
áe$	á/a e	cáe	Y	1	U+00e1 U+0065 U+0024
aáye$	a á/a y/j e	caáye	MA	1	U+0061 U+00e1 U+0079 U+0065 U+0024
D$	D/ð	kohkoD	P	1	U+0044 U+0024
rh$	r h	kokorh	PI	1	U+0072 U+0068 U+0024
ou$	ou	koórou	MA	1	U+006f U+0075 U+0024
D	D/ð	ahDo	P	1	U+0044
^híci-ra_(bíci-ra?)	h í/i ts i + r a	híci-ra_(bíci-ra?)	En	1	U+0068 U+00ed U+0063 U+0069 U+002d U+0072 U+0061 U+005f U+0028 U+0062 U+00ed U+0063 U+0069 U+002d U+0072 U+0061 U+003f U+0029
io$	i/j o	*nio	Proto	1	U+0069 U+006f U+0024
^uu	u u	uurí	TA	1	U+005e U+0075 U+0075
yi	y/j i	*yi-ci	Proto	1	U+0079 U+0069
^yi	y/j i	yi-ri	Proto	1	U+005e U+0079 U+0069
ayí$	a y/j í/i	tayí	TR	1	U+0061 U+0079 U+00ed U+0024
oyi$	o y/j i	*tihoyi	Proto	1	U+006f U+0079 U+0069 U+0024
oy	o y/j 	tihoyé	Vb	1	U+006f U+0079
^'oo	ʔ o o	'oo'ói-o	TEP	1	U+005e U+0027 U+006f U+006f
^mekú_(meká?)	m e k ú/u	mekú_(meká?)	En	1	U+006d U+0065 U+006b U+00fa U+005f U+0028 U+006d U+0065 U+006b U+00e1 U+003f U+0029
'iyá$	ʔ i y/j á/a	máwi'iyá	Vb	1	U+0027 U+0069 U+0079 U+00e1 U+0024
ós$	ó/o s	barós	En	1	U+00f3 U+0073 U+0024
oí	o í/i	pa'loísi.	Va	1	U+006f U+00ed
^'ai$	ʔ ai	'ai	TEP	1	U+005e U+0027 U+0061 U+0069 U+0024
^yuu	y/j u u	yuuki-	Vb	1	U+005e U+0079 U+0075 U+0075
'ów	ʔ ó/o w	'o'ówi-	Y	1	U+0027 U+00f3 U+0077
^áe$	á/a e	áe	Y	1	U+005e U+00e1 U+0065 U+0024
^áiye$	á/a i y/j e	áiye	MA	1	U+005e U+00e1 U+0069 U+0079 U+0065 U+0024
kW	kW/kʷ	kWase-te	TR	1	U+0057
^kW	kW/kʷ
úa$	ú/u a	múa	TEP	1	U+00fa U+0061 U+0024
ea$	e a	mea	O	1	U+0065 U+0061 U+0024
oya$	o y/k a	*koya	Proto	1	U+006f U+0079 U+0061 U+0024
'oyá$	ʔ o y/j á/a	ko'oyá-	Vb	1	U+0027 U+006f U+0079 U+00e1 U+0024
'ya$	ʔ y/j a	kó'ya-	Va	1	U+0027 U+0079 U+0061 U+0024
sh	sh/ʃ	shosha	P	1	U+0073 U+0068
úi$	ú/u i	múi	En	1	U+00fa U+0069 U+0024
'ɨ$	ʔ ɨ	gí'ɨ	TEP	1	U+0027 U+0268 U+0024
's$	ʔ s	ra's	TA	1	U+0027 U+0073 U+0024
^tuesá-r_(tüsá-r?)	t u/w e s á/a + r	tuesá-r_(tüsá-r?).	TR	1	U+0074 U+0075 U+0065 U+0073 U+00e1 U+002d U+0072 U+005f U+0028 U+0074 U+00fc U+0073 U+00e1 U+002d U+0072 U+003f U+0029 U+002e
j$	j/dʒ	wep-cij	P	1	U+006a U+0024
áo$	á/a o	náo	Y	1	U+00e1 U+006f U+0024
úa	ú/u a	kúa'agɨ	TEP	1	U+00fa U+0061
éh	é/e h	wéhre-	En	1	U+00e9 U+0068
uí	u í/i	tamuí-t	TA	1	U+0075 U+00ed
^'a	ʔ a	'a'átɨi	TEP	1	U+005e U+0027 U+0061
áya$	á/a y/j a	náya	Y	1	U+00e1 U+0079 U+0061 U+0024
áiya$	ái/ai y/j a	náiya	MA	1	U+00e1 U+0069 U+0079 U+0061 U+0024
ayá$	a y/j á/a	nayá-	Va	1	U+0061 U+0079 U+00e1 U+0024
ll	ll/lː	cólloi	Y	1	U+006c U+006c
íe$	í/i e	víe-	En	1	U+00ed U+0065 U+0024
ei$	ei	tei	O	1	U+0065 U+0069 U+0024
w$	w	hiw	P	1	U+0077 U+0024
oi	oi	voisék	En	1	U+006f U+0069
uyi$	u y/j i	*puyi	Proto	1	U+0075 U+0079 U+0069 U+0024
uúe$	uú/uː e	buúe	Y	1	U+0075 U+00fa U+0065 U+0024
uúye$	uú/uː y/j e	buúye.	MA	1	U+0075 U+00fa U+0079 U+0065 U+0024
^síbo'oli-m_(p1)	s í/i b o ʔ o l i + m	síbo'oli-m_(p1)	Y	1	U+0073 U+00ed U+0062 U+006f U+0027 U+006f U+006c U+0069 U+002d U+006d U+005f U+0028 U+0070 U+0031 U+0029
^copokori_(cokopori?)	ts o p o k o r i	copokori_(cokopori?)	Vb	1	U+0063 U+006f U+0070 U+006f U+006b U+006f U+0072 U+0069 U+005f U+0028 U+0063 U+006f U+006b U+006f U+0070 U+006f U+0072 U+0069 U+003f U+0029
^'ɨ	ʔ ɨ	'ɨ'írai	TEP	1	U+005e U+0027 U+0268
^ɨ	ɨ	ɨc-i	Proto	1	U+005e U+0268
b$	b	ób-	En	1	U+0062 U+0024
ae$	a e	máhhae	Y	1	U+0061 U+0065 U+0024
hw	h w	máhwe	MA	1	U+0068 U+0077
íya$	í/i y/j a	bwíya	MA	1	U+00ed U+0079 U+0061 U+0024
'é$	é/e	we'é	Va	1	U+0027 U+00e9 U+0024
ayí	a y/j í/i	vayí-r.	TR	1	U+0061 U+0079 U+00ed
ye	y/j e	nyeré-.	TR	1	U+0079 U+0065
ɨyo$	ɨ y/j o	*tɨyo	Proto	1	U+0268 U+0079 U+006f U+0024
yoa	y/j o a	nyoa-kár.	TR	1	U+0079 U+006f U+0061
ia	i/j a	tésu'u-kiam	MA	1	U+0069 U+0061
yoa$	y/j o a	*yoa	Proto	1	U+0079 U+006f U+0061 U+0024
'ya	y/j a	sa'ya-wé	Va	1	U+0027 U+0079 U+0061
ayá	a y/j á/a	sayá-wi	TA	1	U+0061 U+0079 U+00e1
oe$	o e	tékoe	Y	1	U+006f U+0065 U+0024
ío$	í/i o	kasío	TEP	1	U+00ed U+006f U+0024
áo	á/a o	káosi	En	1	U+00e1 U+006f
